{"cameraMode":{"drawMode":0,"name":"Shaded","section":"Shading Mode"},"sceneLighting":true,"audioPlay":false,"sceneViewState":{"showFog":true,"showMaterialUpdate":false,"showSkybox":true,"showFlares":true,"showImageEffects":true,"showParticleSystems":true},"in2DMode":false,"pivot":{"x":240.8000030517578,"y":40.400001525878909,"z":907.0},"rotation":{"x":0.0027354026678949596,"y":0.9679246544837952,"z":-0.25108233094215395,"w":0.01044804323464632},"size":61.86751937866211,"orthographic":false}