{"cameraMode":{"drawMode":0,"name":"Shaded","section":"Shading Mode"},"sceneLighting":true,"audioPlay":false,"sceneViewState":{"showFog":true,"showMaterialUpdate":false,"showSkybox":false,"showFlares":true,"showImageEffects":true,"showParticleSystems":true},"in2DMode":false,"pivot":{"x":0.00000667572021484375,"y":5.33723258972168,"z":-0.0000019073486328125},"rotation":{"x":0.0024572100955992939,"y":0.9962930679321289,"z":-0.08088313043117523,"w":0.032601699233055118},"size":18.568706512451173,"orthographic":false}