{"cameraMode":{"drawMode":0,"name":"Shaded","section":"Shading Mode"},"sceneLighting":false,"audioPlay":false,"sceneViewState":{"showFog":true,"showMaterialUpdate":false,"showSkybox":false,"showFlares":true,"showImageEffects":true,"showParticleSystems":true},"in2DMode":false,"pivot":{"x":0.00000476837158203125,"y":0.4638107419013977,"z":0.00000762939453125},"rotation":{"x":0.10441992431879044,"y":0.883506715297699,"z":-0.23599107563495637,"w":0.39106208086013796},"size":13.16145133972168,"orthographic":false}