{"cameraMode":{"drawMode":0,"name":"Shaded","section":"Shading Mode"},"sceneLighting":false,"audioPlay":false,"sceneViewState":{"showFog":true,"showMaterialUpdate":false,"showSkybox":false,"showFlares":true,"showImageEffects":true,"showParticleSystems":true},"in2DMode":false,"pivot":{"x":0.0000019073486328125,"y":0.27055320143699648,"z":-0.000009059906005859375},"rotation":{"x":0.016477297991514207,"y":0.9808172583580017,"z":-0.16937734186649323,"w":0.09563881903886795},"size":16.77044677734375,"orthographic":false}