{"cameraMode":{"drawMode":0,"name":"Shaded","section":"Shading Mode"},"sceneLighting":false,"audioPlay":false,"sceneViewState":{"showFog":true,"showMaterialUpdate":false,"showSkybox":false,"showFlares":true,"showImageEffects":true,"showParticleSystems":true},"in2DMode":false,"pivot":{"x":-1.7881393432617188e-7,"y":1.0681978464126588,"z":-1.0805896520614625},"rotation":{"x":0.1462012231349945,"y":0.753856360912323,"z":-0.17921559512615205,"w":0.6149901151657105},"size":0.9249937534332275,"orthographic":false}