{"cameraMode":{"drawMode":0,"name":"Shaded","section":"Shading Mode"},"sceneLighting":true,"audioPlay":false,"sceneViewState":{"showFog":true,"showMaterialUpdate":false,"showSkybox":true,"showFlares":true,"showImageEffects":true,"showParticleSystems":true},"in2DMode":false,"pivot":{"x":675.9533081054688,"y":74.31190490722656,"z":1134.630615234375},"rotation":{"x":0.16959050297737122,"y":-0.08359945565462113,"z":0.014249389059841633,"w":0.981978714466095},"size":312.0679626464844,"orthographic":false}