{"cameraMode":{"drawMode":0,"name":"Shaded","section":"Shading Mode"},"sceneLighting":false,"audioPlay":false,"sceneViewState":{"showFog":true,"showMaterialUpdate":false,"showSkybox":false,"showFlares":true,"showImageEffects":true,"showParticleSystems":true},"in2DMode":false,"pivot":{"x":0.0002817511558532715,"y":0.3272993564605713,"z":2.384185791015625e-7},"rotation":{"x":0.12525686621665955,"y":-0.7029487490653992,"z":0.12791530787944795,"w":0.6883397698402405},"size":2.5444421768188478,"orthographic":false}