{"cameraMode":{"drawMode":0,"name":"Shaded","section":"Shading Mode"},"sceneLighting":true,"audioPlay":false,"sceneViewState":{"showFog":true,"showMaterialUpdate":false,"showSkybox":true,"showFlares":true,"showImageEffects":true,"showParticleSystems":true},"in2DMode":false,"pivot":{"x":305.83673095703127,"y":-17.79840087890625,"z":777.322509765625},"rotation":{"x":0.13919079303741456,"y":-0.8422609567642212,"z":0.4514181613922119,"w":0.259705126285553},"size":217.787353515625,"orthographic":false}