{"cameraMode":{"drawMode":0,"name":"Shaded","section":"Shading Mode"},"sceneLighting":false,"audioPlay":false,"sceneViewState":{"showFog":true,"showMaterialUpdate":false,"showSkybox":false,"showFlares":true,"showImageEffects":true,"showParticleSystems":true},"in2DMode":false,"pivot":{"x":0.0002817511558532715,"y":0.577299177646637,"z":2.384185791015625e-7},"rotation":{"x":-0.010449377819895745,"y":0.9742295145988464,"z":-0.22141841053962708,"w":-0.044066861271858218},"size":2.1648027896881105,"orthographic":false}