{"cameraMode":{"drawMode":0,"name":"Shaded","section":"Shading Mode"},"sceneLighting":true,"audioPlay":false,"sceneViewState":{"showFog":true,"showMaterialUpdate":false,"showSkybox":true,"showFlares":true,"showImageEffects":true,"showParticleSystems":true},"in2DMode":false,"pivot":{"x":-1.7483874559402466,"y":0.983002781867981,"z":-532.941650390625},"rotation":{"x":-0.0073946211487054829,"y":0.986044704914093,"z":-0.15994665026664735,"w":-0.04558673873543739},"size":2.5454790592193605,"orthographic":false}