{"cameraMode":{"drawMode":0,"name":"Shaded","section":"Shading Mode"},"sceneLighting":true,"audioPlay":false,"sceneViewState":{"showFog":true,"showMaterialUpdate":false,"showSkybox":true,"showFlares":true,"showImageEffects":true,"showParticleSystems":true},"in2DMode":false,"pivot":{"x":398.80914306640627,"y":202.61550903320313,"z":0.0},"rotation":{"x":0.0034042769111692907,"y":-0.993211030960083,"z":0.03011331334710121,"w":0.11250415444374085},"size":41.40924835205078,"orthographic":false}