{"cameraMode":{"drawMode":0,"name":"Shaded","section":"Shading Mode"},"sceneLighting":false,"audioPlay":false,"sceneViewState":{"showFog":true,"showMaterialUpdate":false,"showSkybox":false,"showFlares":true,"showImageEffects":true,"showParticleSystems":true},"in2DMode":false,"pivot":{"x":0.00020356662571430206,"y":0.011286970227956772,"z":0.003890759777277708},"rotation":{"x":0.13373996317386628,"y":0.1583392322063446,"z":-0.02165067382156849,"w":0.9780492782592773},"size":0.027194257825613023,"orthographic":false}