{"cameraMode":{"drawMode":0,"name":"Shaded","section":"Shading Mode"},"sceneLighting":false,"audioPlay":false,"sceneViewState":{"showFog":true,"showMaterialUpdate":false,"showSkybox":false,"showFlares":true,"showImageEffects":true,"showParticleSystems":true},"in2DMode":false,"pivot":{"x":0.0013887137174606324,"y":0.012448539026081562,"z":-0.0006099643651396036},"rotation":{"x":0.06320548802614212,"y":0.9233722686767578,"z":-0.17316864430904389,"w":0.33683791756629946},"size":-0.5799814462661743,"orthographic":false}