{"cameraMode":{"drawMode":0,"name":"Shaded","section":"Shading Mode"},"sceneLighting":false,"audioPlay":false,"sceneViewState":{"showFog":true,"showMaterialUpdate":false,"showSkybox":false,"showFlares":true,"showImageEffects":true,"showParticleSystems":true},"in2DMode":false,"pivot":{"x":-0.000011712312698364258,"y":0.09180501848459244,"z":0.004620149731636047},"rotation":{"x":-0.1999325454235077,"y":-0.5937743782997131,"z":0.15530140697956086,"w":-0.7640196681022644},"size":0.24883468449115754,"orthographic":false}