{"cameraMode":{"drawMode":0,"name":"Shaded","section":"Shading Mode"},"sceneLighting":false,"audioPlay":false,"sceneViewState":{"showFog":true,"showMaterialUpdate":false,"showSkybox":false,"showFlares":true,"showImageEffects":true,"showParticleSystems":true},"in2DMode":false,"pivot":{"x":-1.7433063983917237,"y":1.2930221557617188,"z":-3.0315399169921877},"rotation":{"x":0.10313904285430908,"y":0.5467367172241211,"z":-0.06808439642190933,"w":0.8281588554382324},"size":2.4759321212768556,"orthographic":false}